Hydrazine synthase name,GenBank ID,Accession Code,UniProt ID,Organism,Year Deposited,Reference(s),Domain Architecture,Sequence Length,Cupin domain range,MetRS domain range,Sequence
Spb40,BAW27704.1,BAW27704.1,NaN,Streptomyces sp. SoC090715LN-17,12-MAY-2017,"Matsuda,K., Hasebe,F., Shiwa,Y., Kanesaki,Y., Tomita,T., Yoshikawa,H., Shin-Ya,K., Kuzuyama,T. and Nishiyama,M.. Genome Mining of Amino Group Carrier Protein-Mediated Machinery: Discovery and Biosynthetic Characterization of a Natural Product with Unique Hydrazone Unit. ACS Chem. Biol. 12 (1), 124-131 (2017)",Di-domain,661,28-101,121-646,MILNQYSESELSSAFGIEMSPVEGLGVGAGWGRVAPGASSHPDRHDETEFFVIVAGTGELTVDGRRHPVRSGTVVLFEPFESHIITNTGETDLVFLTQYWRDSARARASATSRVRANHTDRPQFVFSTPPTPNGDLHLGHLSGPYLGADVYVRYQRLIGNQAWHLTGSDDFQSYVTAAAARQDSTSAEVAAHFSAEIAATLAAMDISVDEYYVTSTEEGYREGLQRYFTRLVESGRVTPRATPALLDAETGEYLYEVNVGGTCPSCSHGAGGNICEECGEPNLVADLVDPTSRLSSAAPKTSEVVRYTLPLHEFADAVADHHKRGRVPVRLRELAERVFARQTLDLPVSHPSDWGVRPAGDDLDGQVIWVWPEMSHGFLHGIERLGAGMGQQWSKEAPSEDWKIVHFFGYDNSFYHAILYPVLYGLAHPEWNPDIDYHVNEFYLLEGQKFSTSRRHAIWGKEILTPDTVDAVRYYLSRTRPEGERTDFRRADFDRACADTLVGEWQEWLTGLGERVERHAEGVAPDAGTWTTEHTAFLARLSVRLDEVTAALNPEGFSLTAASAALDGIVTDVRAFSRQQSALAHQGRWSSEARTALALELAAARLLAVTSAPLMPRFSAELAAALGIPAVDAWSDAVGLVEPGSRCTLAGTRFFGTGEQR
Kit2,WP_184911086.1,WP_184911086.1,NaN,Kitasatospora gansuensis,15-MAR-2026,NaN,MetRS only,512,NaN,3-442,MSKRVAVISPAPTANGDLHLGHLAGPFLAADVYTRYQRATGRETVFGTGAQDTSTFVVTTARRLGTSPEALVADSTAKIEATLAAMGIEVDGFSRDEERFTKLVLDFVGRLHSAGKVVLKPARFPYLPSTGEYLVDGFVKGGCPVCLTEGCAGLCESCGHPSAAGDLIDPRSSEHPDEPVEIREVPVLVLPLEEYRAQLKEYFASSGAALRPHMAQAVQEMLDRPLPDLPITYPISWGIPAPFPEVSGQTINPNAETMAWSIYTTALGAEKRGEVLAADDQLWWPESETEVVYFLGFDNTFPFAIAGAAMLLALGDRYALPARFVTNEFYELEHQKFSTSRGHLVWGQELADRLPRDVGRFHLAATSPENQRTNFGWGALEAVTGARLIQPWNRVAAKVEQWAGRTLPVSAASRFAADRITQRFSAAYQMPAFSLGRAAETLAEQLGRLDRWEVTEELAGDFCHQVEAVLRGAAPILIDLAAAALDDTAVRDRDETTEITPKILPRLTGGAV
Afn8,UUL71891.1,UUL71891.1,NaN,Streptomyces tumemacerans,10-AUG-2022,"Wang,Z.-C., Lo,I.-W., Lin,K.-H., Cheng,A.N., Zaheh,S.M., Huang,Y.-H. and Li,T.-L.. Genetic and biochemical characterization of halogenation and drug-transportation genes encoded in the albofungin biosynthetic gene cluster. Unpublished",MetRS only,457,NaN,17-383,MSTATAPDGRGTTVLLSPPPTPNGPLHVGHLAGPYIAADVAARAARLRGERVLTVCGLDDHQNYVPARARQRGTKVREERDGHAARIRAVFDRAGVRHDVFTDPLSDVGYRTAVAGFLDELVTSGTLPVREWETPACPSCPGVPHHAYVSGDCPRCGTGSCGGTCEGCGWFTTAGNLVDARCTRCGSPLTARRTVRGPVLPLERYREGLSRVWAAADAPPSARLLLRQLFGLPELPDIPLSYPTDWGIESVTTPEHRVDVWSEMALGYLYTIGQRLEPGAAGIDGHVRAWRGVDALWAFLGRDNTFYYLVQFPALFLAFGLPPDVLGGLVVNEFYHLSGAKFSTSRGHAVWAHDLLDHEDPEVLRAFLCWDRPAPYSTDFTPERYRALTASWDLAAPAGEGPEHTTERDRAARALTPEHFDAAYAARCLLRPGGDPELRGALTGTAGAPVPEGARAG
Tri28,QCT05761.1,QCT05761.1,NaN,Kitasatospora aureofaciens,27-MAY-2019,"Twigg,F.F., Cai,W., Huang,W., Liu,J., Sato,M., Perez,T.J., Geng,J., Dror,M.J., Montanez,I., Tong,T.L., Lee,H. and Zhang,W.. Identifying the Biosynthetic Gene Cluster for Triacsins with an N-Hydroxytriazene Moiety. Chembiochem 20 (9), 1145-1149 (2019)",Di-domain,678,28-101,121-663,MIINHYDERELHAAFGIGMSDVEGLGVGAGWGRVEPGGASTAHQHDETEFFVIVAGRGEFVVDGRRYPAEPGVLALFEPFETHVLENTGDTDLVFLTQYWRDPGRALTSAGNQDRLAFGDRPVFVFSTPPTPNGDLHLGHLSGPYLGADAYVRFQRLNGARAWHLTGSDDYQSYVVGAARAEGRTPAETAAHYSDEIRRTLALMDIVPDQYTVTDTEPEYRDGLRDFFSRLVASGRISVAERDALFDAETGDYLYEVDISGGCPGCGGGTGGNICEECGEPNTVADLTDPVSRLSDGAPVRAPQARWTLPLGDFGTEVAEHHRAGRVPARLRELAARLFARPSLDIPVTHPASWGVPPAEGAGSGTDGQVIWVWPEMSYGFLHGVQALGGRLGEKWRADDPGPEWKIVHFFGYDNSFYHSVLYPVLYRLAHPGWRPDIDYHVNEFYLLEGAKFSTSRRHAVWGKEILGPDSVDAVRYFLCRTRPEEERTDFRRAAYARTVQDTLIGGWQRWLTGLGERITGQYGGTAPDAGTWTPEHSAFLARLGDRLTAVTGALRADGFSLNRAAAELDGLVEDVLRFSRLESRTAGDPGWASETRTAIALELAAARLLSRVAAPLMPRFAARLAGALGLPEPTEWPTIVELVPPGSAIGLADAVFFRPDAPEGSGEGSGSGSGEER
Aza12,SDE02759.1,SDE02759.1,NaN,Glycomyces harbinensis,20-OCT-2016,NaN,Di-domain,745,28-101,121-573,MILNHYSESDLSEAFGIDMSSVDGLGVGAGWGRVAPGASSTSHQHDETEFFVIVSGEGELRIDGAVHPARPGTVVLFEPFESHVITNTGEADLVFFTQYWRDAARARHAVASRTRTRAAGRPQFVFSTPPTPNGDLHLGHLSGPYLGADAYVRFQRLNGNRAWHLTGSDDYQSYVEAAAERDGVTPAEAARHYSAEIAATLKAMDIDVDEYYTTSTDDGYEEGLRRFFTRLVRSGSVRPKATPALVEGEGGEYLYEVDVSGTCPGCSGPTGGNICEECGEPNLVADLGEPRSRRGDAAPRAAEVERWTLPLHEFAETVAGHHLLGRVPARLRELAHRVFARDGLELPVSHPSDWGVRPAEDDLASQVIWVWPEMSYGFLHGIERLGAGLGEQWSRERPSPDWKVVHFFGYDNSFYHSILYPVLYRLAFPQWNPDIDYHVNEFYLLEGAKFSTSRRHAIWGKEILSPETVDAVRYYLCRTRPEDERTDFRRAEYDRAVTDVLIGQWQAWLDDLGERVRSDHGGLVPDAGTWTTEHADFLARLTHRLEQATAALGAEGFSLRRAAAVLDALVEDATAFSRLQSRLRGLDRWSSEARTATALELAAARLLATAAAPLMPRFSQRLAASLGLAVDAWPDAVELVPPGNRTTLDSTRFFAAPATPASLPWLRSKVAVLLGLEADFADLSLPALGANSLAATTLQYHALTELKADVPLETLLADAPLSALAAALDGMADADLLAALGGETR
NngM,XTJ91441.1,XTJ91441.1,NaN,Streptomyces yunnanensis,13-MAY-2025,"Wang,Y.. Nitramine formation via a cryptic non-ribosomal peptide synthetase-dependent strategy in N-nitroglycine biosynthesis. Unpublished",Di-domain,744,29-104,124-646,MRIDTFDPATLSDAFGIDMSTIDLPGVAGLGAGWGRVPPGGRSEPHQHDEIEMFVLVSGTGEIVVDGARHPVGPGTVVKFDPFETHVIDNTGDGDVVFVTCYWREPRHAGEVATRPGRRRFGQRPVFVFSTPPTPNGDLHLGHLSGPYLGADAFVRFQRMNGVRAWHLTGSDDHQSYVVAKAAQEGSTPEQVAAHYGAEIARTLESMDIRPDQFTVTRTDAGYRQGLRDFFAALETSGQVARRELPALFDGKTGRYLYEVDVSGTCPSCEAGTNGNICEECGEPNTVADLVEAQSRHSDTVRAEGLARHALALHEFRDDVARHHQLGRVPARLRELAQRVFARETFDLPLTHPAQWGVPARDADDQVIWVWPEMSYGFLHGIGQLGARIGEQWQAHKPEQDWKIVHFFGYDNSFYHAILYPVLYQLAFPHWQPDIDYHVNEFYLLDDQKFSTSRRHAVWGKDLLCPETVDAVRFYLSRTRPEGERTNFERDAYTATVREVLIEGWQGWLDDLDRRLKARYGGVVPDAGTWTPEHTAFYALLGRRLAAVTAHLGQDGFSLRAATAELEGIVTDARAFAGREAGLADAAGWQSENRTAMALEVAAARLLSRVATPVMPRFAGRLAALLGEREPTWPTTVDLVPAGTEVDLSGQVFFAAEPTSAQPAEAAPDPLPWLADLVRTTLGLPAEAAVADKTLLELGASSLQAVAVQYQILERLDLDIPMAELLSERNIGTLGRDLAQEVAR
DobE,WP_206055239.1,WP_206055239.1,NaN,Nocardia sp. CS682,05-APR-2026,NaN,Di-domain,671,26-101,122-648,MIINRFDTAELHSAFGIDMSSIDGFGFGAGWVRVPPGGRSDPHQHDETELFLVVSGHGDVIVDGGRHPVAPGMAVLFDPFETHVVENTGSTELVFFDLYWRDPSRAARAATGRSDRRRFGERPIFVFSTPPTPNGDLHLGHLSGPYLGADVFVRFQRMNGAQAWHLTGSDDYQSYVVERARREGKDPAATAAYYSAEIAETLRLMDIEPDQYTVTDTEPTYRAGLQAYFSRLVKSGSIAPQEGKALFDATTHDYLYEADVTGGCPGCGAVTGGNICEGCGEPNSCVDLTDPQSKLSQDTPRIDTITRFTLPLHEFAAELAAHHRLGRVPARLRELAGRLFARPRLDVAMTHPANWGVPPAEPDVAGQVIWVWPEMSYGFLHSISALGRRLGRNWRADEPEQDWKIVHFFGYDNSFYHSILYPVLYRLAFPDWQPDIDYHVNEFYLLDGGKFSTSRRHAVWGKEILTPDSVDGVRYFLSRTRPESRRTNFTRESYTAAVRDELIGTWQQWLNDLGHRIQTRYGGHAPDAGIWTPEHTAFLGRLGARLSAVTAALGPDGFSLAVAAAELHGIVTDTRRFVDQESAVATAEEWHDEARTAVALELAAARLLAHCATPLLPRFAARLGAALDEERPNEWPHTVELVPAGTRVDLVREFFAEPSVEVAEPVGVGSA
PyrN,QDO67124.1,QDO67124.1,NaN,Streptomyces candidus,23-JUL-2019,"Zhao,G., Yao,S., Rothchild,K.W., Liu,T., Liu,Y., Lian,J., He,H.-Y., Ryan,K.S. and Du,Y.-L.. The biosynthetic gene cluster of the C-nucleoside antibiotic pyrazomycin with a rare pyrazole moiety. bioRxivorg (2019) In press",Di-domain,668,40-108,131-640,MIVSEIPRELADLARADFVRSAAPAWAEAAGVPFNVRRVTLRPGETTAEHNHHDLEVWVMLDGVGEVGWDGHQRVLTAGDSVYLPPLAPHTLRNLSSDRPLSFFSMWWENLSALAAVHAERREQAVERQGRPVLLLPSFPTPNGELHLGHLSGPFLNADACRRALLAAGERAHLLLGTVGHQSQVSAAAEAEGLSFHELAERNTDAIIEGLQAAGIDWDVFVRPSEPAYPAMATSVFESLRDRGVLVRRTEPTNYCEPCGRFLLEAFVAGHCPHCGSNQTAGIECELCALPYDDRDLVDPSCATCGAAATQRPLTRYFMPLEPLRDELSGYLRGAAMHGRLRAYTERVLAKTLPDLPVSIPAEHGIPIHVEDASGPAEQRMYSAFELAARFLTALDGFADGWEAYARQENPRTVLFFGFDNAFLRAFAFPAVLGAFTDALPLPEALVCNDFYLLDGEKFSTGRKHAVWARQAVTPANADQLRLYLAATSPDVRRRDFTTRGYAEFVTAELIGRWQRRLDDVGGRVAEHFGGLTPEAGGWHAEAERFYGQIKEFASCATLDYLPGRFKPRAVVAAACAFIRQAEDFAEVSADATPGSGIARTCAALELMALRTLAMAVWPLAPEFGRRVAAALGEDTIALEPTPRWVRPDTEIKFATDHFSPDEVVAGR
Afn9,UUL71893.1,UUL71893.1,NaN,Streptomyces tumemacerans,10-AUG-2022,"Wang,Z.-C., Lo,I.-W., Lin,K.-H., Cheng,A.N., Zaheh,S.M., Huang,Y.-H. and Li,T.-L.. Genetic and biochemical characterization of halogenation and drug-transportation genes encoded in the albofungin biosynthetic gene cluster. Unpublished",Cupin only,116,32-105,NaN,MQTFTLDESQLSQEYGIGIGRWEEHPKKQPLPFDAMWCRIPAHSESAPDEHPEVELAVVVGGTAVFTVDGTEVTAGPGTAVLLSPGERHVIKAAGEPVRILSVYWLPSAAGSGEAG
ThzN,BGG72676.1,BGG72676.1,NaN,Streptomyces coerulescens,22-JAN-2026,"Shikai,Y., Muramatsu,H., Igarashi,M., Katsuyama,Y. and Ohnishi,Y.. Identification of a l-Threonine-Utilizing Hydrazine Synthetase for Thrazarine Biosynthesis in Streptomyces coerulescens MH802-fF5. Chembiochem 26 (15), e202500298 (2025)",Di-domain,760,36-106,126-653,MKISTYSPAELQQSYGIDVTALDTGAAARLGVAAAWVSVEPGARSDAHQHDETETWVIVSGTGELTVDAGRHQVRAGTVVQFEPFETHTVENTGDSELLLLSLYWRDADRAVRAAGDTGHRRFGARPLFVFSSAPTPNGDLHLGHLSGPFFGADVFVRFQRMLGADAWHLTGSDDYQNYVVAAARREGRGPAETAAHYSAEILATLRLMDIDIHQYTATSRDDAYPDALRAFFSRLTDSGTVAPRAGAALFDPVTGDYLYESGVTGRCPTCAGDTGGNVCESCLEPNVCTDLTDPRSTASDAPPRAGTVTRYTLPLHELTKDIAAHHRLGRVPAPVKALAERLARRADLDIPVTHPADWGVRPAGSAVEGQVIWSWLDYAFSILYGIEALGDGVGRSWAAAKPEQDWKIVHFLGSDGSFFHPMFVPALYRLAHPDWTPDIDYHINEFYLLDNSKFSTSRRHVIQGKEILTPRTVDSIRFYLALTRPEGRRTNFERAAYETYVRQTLIGGWQGWLTGLGDRVEKRYGNSAPDAGTWTPEHMAFLARLETRLAQLTGSLGQDGFSLNQAAEALNGIVEDVTVFSRRQAPAADVESYADEARTAVALELAAARLLATCAAPVMPRFAARLAEALGGPPPAEWPGTVTLVPAGTEVALARREFFADPREAEPQEEASPLLPWLSGLVRETLRLPADASVHDSPLVRIGMESLQAIALQYQITEQVGADVPIEDLLGERTVAELADIILESAEPDAVAAVQEVTA
Apy9,BDC79915.1,BDC79915,NaN,Streptomyces sp. MSD090630SC-05,26-NOV-2021,"Matsuda,K., Arima,K., Akiyama,S., Yamada,Y., Shin-ya,K., Suenaga,H., Hashimoto,J., Nishiyama,M. and Wakimoto,T.. Reactivity-guided genome-mining of hydrazine-forming machinery reveals a natural dihydropyridazinone scaffold. Unpublished",Di-domain,650,32-106,127-637,MITRAFDRSAMSWSYEMHLQPMLSATDIEGLPFGSVFGSVPAHTVSKRHAHQDGEMFIVLAGKAVVVLGEEERVLGPGEVVHLSPFGFHEIRNDFDEPFDIVSVFWEHIPSAVAVLEKSPPRDQLAERSLVFCPPPTPNGGLHLGHLAGPYVRADMLARALRSMGREARYVTGTDDHQSYVAAAARLRGTTPAEVATAEGDAIVATLRSAGVTPDRLTRPAGDPGHAARIRELLDKVAASPAAKEEERPTAYCPTCALSLHQAFARGRCAHCDAASDGEICEACGRPNEARELSAAHCRICGTEAVTRTERALWLDLDAYAAELREYLRLAHTPPDLLTLVERLLDEGLPAYRLGRTTEWGVDLGDGQALDAWADLALTFLDAARTESEQNGPARIALFLGYDNSFYYAVLLPVLAFAAGLADHLPAAFVTNQFLHLGDEKFSTSRGHAVWADDALAAAGPDAVRLALLREAPEGRVTRITAERAGQLTEDPLYRAAHAWLDGFAASAGEDGAVVPGTGAWTDVHREFYRYLNLATRQLDGLLLPESFSARSYVDQLESFVTRCAEFRAAEQALRATPSLAEEARTSLALEYLAAKVFAALAWPITPGLAQRVWEWLGLPGEPVREADWTFLPSGTRCAAPAPAAASGHA
Por11,WP_057724816.1,WP_057724816.1,NaN,Pseudomonas orientalis,14-MAR-2026,NaN,Di-domain,662,28-98,120-644,MFSPAKRFYNVDSRTVDLPGTDLNLMGCTLGPGEESQPHNHFEDELFIFTAGHGVVKTAQETLEVRAGDAVHCQRFEPHTLRNLSDQHPLTFHSLYWDAGRSNAPAAAPVVDTLIYATPPTPNGDLHLGHLSGPYIAGDVLKRVLGNTGARVFYGSGRDDNQTYVVTCATKEGIGPGACADHYAQAIRETWQGYGIDMDVFITPDTQGEYADFVHHYLQRLHEQDVIYAKDTPVFVDDAGNALHEAFIHGGCPHCGESSDGNACEACGQPNQCTDLTQPRVKRDGRQPRLKIETRLFFRLSAFADELLKYIQTANMPAHVYQLCHTMLRQGLPDICISHRSDWGIRHRLPSVQDQVIYVWFEMAFGYLWGASDLPVDGNDRFARAEQCYSGAMDVVHCYGFDNAYYHTLLFPAIYLALDLTPPRHHIVNELLDLDGSKFSTSRRHLIWGREFLAEAGSDYARMALMLARPEGVRTNFTVDEISEQLNDLFAQKLNGLIQRLDQCIARHGGGVPEPGAWLSDQKTYHEELCQWMDGYRQAASIQSFSPKRMAEQVAHVIHRASRFSAAQEHLLKSSAQPLSNHARTALALQAMTLRWLAYASYPLMPGISQQLSEWLNLPGLEREDVLAGSFFAGGHTLARRPPVKLHSVSAQALARLMPGHV
ForJ,QTK22492.1,QTK22492.1,NaN,Streptomyces kaniharaensis,07-APR-2021,"Wang,S.A., Ko,Y., Zeng,J., Geng,Y., Ren,D., Ogasawara,Y., Irani,S., Zhang,Y. and Liu,H.W.. Identification of the Formycin A Biosynthetic Gene Cluster from Streptomyces kaniharaensis Illustrates the Interplay between Biological Pyrazolopyrimidine Formation and de Novo Purine Biosynthesis. J. Am. Chem. Soc. 141 (15), 6127-6131 (2019)",Di-domain,674,37-105,127-665,MTVPRTVNDLNLPEFVRSVLPAWAQNPELPVNVRRVTLRPGETTAPHNHHDVEVWVILDGSGEVTSDGETAPVAAGDALRLPPLGVHTLHNPAEDRPLSFLTFWWEDLAALDAEHDRRAAQTGETGRPVLLLPSFPTPNGELHLGHLAGPFLNADLLRRGLIARGTPVRLLLGTVGHQSQVAAAALDQGLTFYELAERNTDAIQEALAAARVEWDVFVRPSSPRYPQVALEFFERLRANGTVVAKTVQANYCVPCESYLFEAFVAGACPHCGSRDTAGIECEACALPFADHELLDPSCSSCGTPAEQRELTRYYMPLEPLRARLADYLRSVAMSARLRSYVDRVMAAPLPDLPVSTVAADGILLPADPSGATDGQRMYSAFELAARFITAVDDLARQHGVASWEEYAEAVQPRTVLFFGFDNAFLRAVVFPAVLGAFTDKLALADTMVCNEFYLLDGQKFSTGRKHAIWGRDAFRPETSDQLRLYLAATSPDIRRRDFVVADYERFVRDELAGQWEGWLASVDDRLRKYFGGVAPEAGSWNGEAEQFYGRIRAFAARLTSALEPERFSARAAARELRDFVAEARRFTEVCEDVLVVQPVSATARTCTALELMAVRALAVAAEPLLPELAARLSGQLGAAASAAGDDPVRWVAPGTAVALTGPYFSSDALIGPSH
Dpn5,WP_126912624.1,WP_126912624.1,NaN,Streptomyces,28-MAR-2026,"Dunwell,J.M.. Cupins: a new superfamily of functionally diverse proteins that include germins and plant storage proteins. Biotechnol Genet Eng Rev 15, 1-32 (1998)",Cupin only,116,32-107,NaN,MLIRKTGEDQLVDAYGIRFQQIYPNGGEELAPWGVGRAVVEPGGATEPHHHEDHEMFVFLSGHGVLTVDGEECEVGPEVTALLPAGSLHHVRNASDTERLVFLSVYWPTDHGPIDL
Dpn6,WP_126912625.1,WP_126912625.1,NaN,Streptomyces,09-JAN-2025,"Francklyn,C., Perona,J.J., Puetz,J. and Hou,Y.M.. Aminoacyl-tRNA synthetases: versatile players in the changing theater of translation. RNA 8 (11), 1363-1372 (2002) | Woese,C.R., Olsen,G.J., Ibba,M. and Soll,D.. Aminoacyl-tRNA synthetases, the genetic code, and the evolutionary process. Microbiol Mol Biol Rev 64 (1), 202-236 (2000) | Wolf,Y.I., Aravind,L., Grishin,N.V. and Koonin,E.V.. Evolution of aminoacyl-tRNA synthetases--analysis of unique domain architectures and phylogenetic trees reveals a complex history of horizontal gene transfer events. Genome Res 9 (8), 689-710 (1999) | Delarue,M. and Moras,D.. The aminoacyl-tRNA synthetase family: modules at work. Bioessays 15 (10), 675-687 (1993) | Cusack,S., Hartlein,M. and Leberman,R.. Sequence, structural and evolutionary relationships between class 2 aminoacyl-tRNA synthetases. Nucleic Acids Res 19 (13), 3489-3498 (1991) | Schimmel,P.. Classes of aminoacyl-tRNA synthetases and the establishment of the genetic code. Trends Biochem Sci 16 (1), 1-3 (1991)",MetRS only,551,NaN,6-549,MPSFTLVTAAPPTPNGDLHLGHLSGPYSGADIRIRAHRLLGADGLFVTGSDLHQSYVPTKARRDGTDPLEMAEGFADEIARIFDSARFTPDAYVRPWRSELHRSIVGEFFARLYDRGALRVRTEQALFCGDCERYLFEAHLTGKCPHCGSASDGNSCENCALPNRVTDVVAPVCNACGGTPEERPVERLVFPLSEYADRLRAFHAATAMSPQLEALCADMIERGLPDIPVGHPTDWGLPMPVPGFEDHRIYVWAEMMPGYFAELAEALRATGRDADEWRSVWNDPRTEIVQFFGFDNGYFHALLQPALLMAYDPDFQLPRALVTNEFYQLGSSKFSTSRRHAVWANDLLAAVPADTARFVLSHDRPESERTSFGWERFHELADGELAGRWQSWLTDLFTRIETQAGGAIPAGDPLPSQERFLRLLERVAEDCLNAYSAADFSPRRATRLLRELVSLAQDFAASQSRTRDSGAGSGRAGAALAAEAAAARTLAQLAHPVMPDFASRLWTALGETGEPRWDGVRTPAAGVRVDTAARFFTPLPADLEARVMAS
Bac1,WP_076855485.1,WP_076855485.1,NaN,Bacillus,04-JUN-2025,NaN,Cupin only,121,32-107,NaN,MHVKTLDRENLKFEYDLYAQRNFPWKDVVDPPFGGAWCVLHPGQTSAPHNHDEKEVFIIVKGKGLARGDEKTREVTTGDVIYFTPFTEHCITNIGEEPLEFFSLWWDGQPQNNENEMEYQI
Bac2,WP_076855484.1,WP_076855484.1,NaN,Bacillus,04-JUN-2025,"Francklyn,C., Perona,J.J., Puetz,J. and Hou,Y.M.. Aminoacyl-tRNA synthetases: versatile players in the changing theater of translation. RNA 8 (11), 1363-1372 (2002) | Woese,C.R., Olsen,G.J., Ibba,M. and Soll,D.. Aminoacyl-tRNA synthetases, the genetic code, and the evolutionary process. Microbiol Mol Biol Rev 64 (1), 202-236 (2000) | Wolf,Y.I., Aravind,L., Grishin,N.V. and Koonin,E.V.. Evolution of aminoacyl-tRNA synthetases--analysis of unique domain architectures and phylogenetic trees reveals a complex history of horizontal gene transfer events. Genome Res 9 (8), 689-710 (1999) | Delarue,M. and Moras,D.. The aminoacyl-tRNA synthetase family: modules at work. Bioessays 15 (10), 675-687 (1993) | Cusack,S., Hartlein,M. and Leberman,R.. Sequence, structural and evolutionary relationships between class 2 aminoacyl-tRNA synthetases. Nucleic Acids Res 19 (13), 3489-3498 (1991) | Schimmel,P.. Classes of aminoacyl-tRNA synthetases and the establishment of the genetic code. Trends Biochem Sci 16 (1), 1-3 (1991)",MetRS only,554,NaN,4-545,MDKKKYLVTAAPPTSNGNLHIGHLAGPFLGADVFSRIQRMLENDVLYISYGDDYQDYVERKALETNKTPEDISTFYTNEMKETLRIAHMLPDHFPGSKNIPMHPQIMQEIFLDLYKNNQIQFMNVTTFYCEKCEKFEYEAYARGNCHYCGSSSDANYCESCGQPQEAGMLLNATCHTCKNELSLYIEDRAYFPLSKHKEILEKYYENKNWRPDAKELCKKILDNEIDAPVTRNSNWGIKIPLENREKHILDTWYGGPAGYISATMDWSSLQSDKDTWKEYWQSEDTKWIAFVGYDCTFSHGVFYPAMLKAHGKYNAPDTVVTNKFYGLDGEKISTSRNHAIWGNDIFNLVDSDAVRFYLSSTAPESTEMNFNLDDFQKFVNEDLAESWNKWLLSLFNEAAALGITSIESILKKPTTKLEKKAIKCLEQIQVYYDAENFSLQKITSLILELAKEAMDSYWRFDRTVHESNLAMIKENLSVVRMLAVITSPIMTEFSIKIMDILGEKNTEDRKIYLWTDLKNKTQILPKKPLEPFFSKVPQDVFEKLSSYKKEVVK
Col1,MBL4898056.1,MBL4898056.1,NaN,Colwellia sp.,27-JAN-2021,"Anderson,R.E., Graham,E.D., Huber,J.A. and Tully,B.J.. Genomic variation across small, co-occurring microbial populations in a subseafloor time-series. Unpublished",Cupin only,143,66-120,NaN,MFSLNDRMSFDIETLVRRGSDAETSREYNADLRRLLPGPGYGNTKRALTEFGAILVTVRPQEEVDAHHHDEEECFIVVSGQGDLQVEDQTTTLHPGDVVYMPRFWMHQLRNPNDTAFTFVDLYWDDKGRSFDQYVQSQRAEAL
Col2,MBL4898055.1,MBL4898055.1,NaN,Colwellia sp.,27-JAN-2021,"Anderson,R.E., Graham,E.D., Huber,J.A. and Tully,B.J.. Genomic variation across small, co-occurring microbial populations in a subseafloor time-series. Unpublished",MetRS only,506,NaN,1-506,MGKSPTPPDFIVTLPPPTPNGGLHVGHMAGPFLAADIFTKAAQASGKTVHVLSYSDSNQSYVRATAEKQNRDPKELASFWTQDILETLDIYGCQVDNYFEPHPASDGFVRDTLLRLYEQGLLKKKSYPFFYLPEQGVFLDEAGASGHCPRCLDDCKCGICEACGFPTQADTLINPRATNDPSLEIELRHVEVLVLELEAWRGSLRRFHDFSDAIRPKYRWLVDDVLAGPLPDFPITVPGSWGIAADHPDLPNQVINAWPELVLDFVYGYQKVAPQGGPTPKIVNFFGYDNSYFYAIVHVALLHAAELQRFLPHATMVNEFYNLENAKFSTSRGHLIWARDMAQSYPPDLIRFYTALSSPGFEQGNFSETDMREVIQRRLLAPFQSIAAAAPVLDEAIEPSATVRQIMHGLSTRVAESYQLHRFNLRHAAEDALKGLNAIQTCLSKGDLSRGELVLLLDCWGQSIAPLMPAVATSLRHSLVMDIIPEALPFKPVKSQAPRRVEEANA
Kit1,WP_184911088.1,WP_184911088.1,NaN,Kitasatospora gansuensis,21-MAY-2021,NaN,Cupin only,122,31-106,NaN,MEIRRLDRANLTPAYGILGERLQPWDALNAPFEGAWCVISGGGESTPHSHHEYEIFIAMAGRSTLVVDGTDHEFIAGDIVRLPPGCTHKVVNNHQEDFEYYGIWWDTDMSDAFLARHQKEKA
Ral1,WP_013209037.1,WP_013209037.1,NaN,Ralstonia solanacearum species complex,31-DEC-2024,"Agarwal,G., Rajavel,M., Gopal,B. and Srinivasan,N.. Structure-based phylogeny as a diagnostic for functional characterization of proteins with a cupin fold. PLoS One 4 (5), e5736 (2009) | Dunwell,J.M., Purvis,A. and Khuri,S.. Cupins: the most functionally diverse protein superfamily?. Phytochemistry 65 (1), 7-17 (2004) | Dunwell,J.M.. Cupins: a new superfamily of functionally diverse proteins that include germins and plant storage proteins. Biotechnol Genet Eng Rev 15, 1-32 (1998)",Cupin only,114,36-108,NaN,MTRSPIRLAFQAPQVSETGLSVEVIDFGFLRAAATFEASRFEVAVGGFSPPEKHPEREIWMIAAGSGRLDYRGEVTEVRSGDCLTFDPNVEHSVHNTGTEPMRIFSVWWTERAP
Ral2,WP_013209038.1,WP_013209038.1,NaN,Ralstonia solanacearum,30-MAY-2019,NaN,MetRS only,496,NaN,5-485,MNARKTYVLIPVMPTPNGPLHLGHVAGPFLKMDMLARHLRRNGETVALVSATDPYETHVLPRADEQNKPVEAICAENHRAIHRCLQALDIRYDAFIDPLASPYRARLSGITREVLDDLNAQGLLHARNEPVHVSRRTGRMIVGSRIVGTCPCCGVEMGGYHCEGCGMEVWPRDLIAPRAEPADDTVEVEERASVFLDADIPALKRRMLEARVPADVRRIAERFMHATGGAVRLSNPGEWGVAWHDGQATVPSVVFTYTALFMLSVLCGEVARERLALDHNPFDQRSDAFTVTSFGFDNTVPFCVGVETLAQHSRRYRGFDRYLTNFFYTLDGRKFSTSRQHCIWADQAVQELGVTSDVLRYFLAKTSPEGGPSDFSRDGFDAFRRAVEPRLAQMNAAVESGIGGDAADPYADTLARLAADMEAAFDVDHFSLRAATRCIDQWLALEWQPAHAAAYVRGFCMLAYPVMPELALTLWGKLGHEGLPRYLAVTELETAE
Cor1,WP_120641656.1,WP_120641656.1,NaN,Corallococcus llansteffanensis,20-MAR-2026,"Dunwell,J.M.. Cupins: a new superfamily of functionally diverse proteins that include germins and plant storage proteins. Biotechnol Genet Eng Rev 15, 1-32 (1998)",Cupin only,127,34-109,NaN,MHIQRKSDATVKFEYGTDLRRIYPWKGIQDPLYWGSAIASVRPGECTTPHSHDEFETFIVLSGKGEMQIEAEREVMTAGDIVFIPKDHHHQFQNLSNEEPLVFISIYWDSPEAREQILGHLLQKKAG
Cor2,WP_120641657.1,WP_120641657.1,NaN,Corallococcus llansteffanensis,11-APR-2026,NaN,MetRS only,496,NaN,6-496,MSRMTLIIAPPPTPNGDLHVGHMSGPYLAADIYKRYIGQHGRTARYTVSTDDNQSYVDTTARRLKTDVPSLLAKSRAEVRDSLLTYSIGVDHFGEQDAAYPGFVTAFFEKLLAAGFVENADVEVFYDTKRHTYPVEAYISGRCPTCLDSTCGGICEACGHPNACTDLLEVNTPDLEVRREARLIFRLEPFRAELEEHLLRVMKTHRPALKALIASMLASPLAPFVLSYKTGRGISAGFAGLPDQQLNVWAEMYPGHFYFLTKAAGKVQGDDDYVQAMGFDNSYFYVFVHVALALAGRRCGVDWPLPKAFITNQFYNLDSAKFSTSKGHLVWARDLAREYNTDVIRLYLALHGPEFQEANFSLGAFKEGAAELTGRVNGLVAAFNTARKTAREGVGDGGMLARLNAVLSTELPAGDYAASTLARRALNGIALMKDSLDKGYLGLVPFVPALLALALEPFCPLYAQAIRRQHRLTAETWNDLAPTSEDQALPELLVKK
